Title,Body,Link,Date,Combined_Text,Processed_Text,Processed_Title
10 github repositories master,blog covers bootcamps books tools interview questions cheat sheets mlops platforms master ml secure dream job,https://www.kdnuggets.com/10-github-repositories-to-master-machine-learning?utm_source=rss&utm_medium=rss&utm_campaign=10-github-repositories-to-master-machine-learning,"Fri, 01 Dec 2023 17:00:02 +0000",10 github repositories master blog covers bootcamps books tools interview questions cheat sheets mlops platforms master ml secure dream job,"['10', 'github', 'repositories', 'master', 'blog', 'covers', 'bootcamps', 'books', 'tools', 'interview', 'questions', 'cheat', 'sheets', 'mlops', 'platforms', 'master', 'ml', 'secure', 'dream', 'job']","['10', 'github', 'repositories', 'master']"
mit course tinyml efficient deep computing,curious optimizing everyday devices dive complete overview mits tinyml efficient deep computing course explore strategies make smarter small devices read full article indepth look,https://www.kdnuggets.com/free-mit-course-tinyml-and-efficient-deep-learning-computing?utm_source=rss&utm_medium=rss&utm_campaign=free-mit-course-tinyml-and-efficient-deep-learning-computing,"Fri, 01 Dec 2023 15:00:05 +0000",mit course tinyml efficient deep computing curious optimizing everyday devices dive complete overview mits tinyml efficient deep computing course explore strategies make smarter small devices read full article indepth look,"['mit', 'course', 'tinyml', 'efficient', 'deep', 'computing', 'curious', 'optimizing', 'everyday', 'devices', 'dive', 'complete', 'overview', 'mits', 'tinyml', 'efficient', 'deep', 'computing', 'course', 'explore', 'strategies', 'make', 'smarter', 'small', 'devices', 'read', 'full', 'article', 'indepth', 'look']","['mit', 'course', 'tinyml', 'efficient', 'deep', 'computing']"
building predictive logistic regression,,https://www.kdnuggets.com/building-predictive-models-logistic-regression-in-python?utm_source=rss&utm_medium=rss&utm_campaign=building-predictive-models-logistic-regression-in-python,"Fri, 01 Dec 2023 13:00:35 +0000",building predictive logistic regression ,"['building', 'predictive', 'logistic', 'regression']","['building', 'predictive', 'logistic', 'regression']"
top 5 alternatives github projects,blog discusses five platforms designed scientists specialized capabilities managing large sets workflows collaboration beyond github offers,https://www.kdnuggets.com/the-top-5-alternatives-to-github-for-data-science-projects?utm_source=rss&utm_medium=rss&utm_campaign=the-top-5-alternatives-to-github-for-data-science-projects,"Thu, 30 Nov 2023 15:00:47 +0000",top 5 alternatives github projects blog discusses five platforms designed scientists specialized capabilities managing large sets workflows collaboration beyond github offers,"['top', '5', 'alternatives', 'github', 'projects', 'blog', 'discusses', 'five', 'platforms', 'designed', 'scientists', 'specialized', 'capabilities', 'managing', 'large', 'sets', 'workflows', 'collaboration', 'beyond', 'github', 'offers']","['top', '5', 'alternatives', 'github', 'projects']"
5 master engineering,,https://www.kdnuggets.com/5-free-courses-to-master-data-engineering?utm_source=rss&utm_medium=rss&utm_campaign=5-free-courses-to-master-data-engineering,"Thu, 30 Nov 2023 13:00:16 +0000",5 master engineering ,"['5', 'master', 'engineering']","['5', 'master', 'engineering']"
kdnuggets news november 29 5 master stunning viz chatgpt,,https://www.kdnuggets.com/newsletter-n43-2023-11-29?utm_source=rss&utm_medium=rss&utm_campaign=kdnuggets-news-november-29-5-free-courses-to-master-machine-learning-stunning-data-viz-with-chatgpt,"Wed, 29 Nov 2023 19:00:45 +0000",kdnuggets news november 29 5 master stunning viz chatgpt ,"['kdnuggets', 'news', 'november', '29', '5', 'master', 'stunning', 'viz', 'chatgpt']","['kdnuggets', 'news', 'november', '29', '5', 'master', 'stunning', 'viz', 'chatgpt']"
building gpu vs gpu cloud,article examines pros cons building onpremise gpu versus gpu cloud service projects involving deep analyzing factors like cost performance operations scalability,https://www.kdnuggets.com/building-a-gpu-machine-vs-using-the-gpu-cloud?utm_source=rss&utm_medium=rss&utm_campaign=building-a-gpu-machine-vs-using-the-gpu-cloud,"Wed, 29 Nov 2023 17:00:37 +0000",building gpu vs gpu cloud article examines pros cons building onpremise gpu versus gpu cloud service projects involving deep analyzing factors like cost performance operations scalability,"['building', 'gpu', 'vs', 'gpu', 'cloud', 'article', 'examines', 'pros', 'cons', 'building', 'onpremise', 'gpu', 'versus', 'gpu', 'cloud', 'service', 'projects', 'involving', 'deep', 'analyzing', 'factors', 'like', 'cost', 'performance', 'operations', 'scalability']","['building', 'gpu', 'vs', 'gpu', 'cloud']"
learn probability computer stanford university,probability one foundational elements computer bootcamps skim topic however integral computer knowledge,https://www.kdnuggets.com/learn-probability-in-computer-science-with-stanford-university-for-free?utm_source=rss&utm_medium=rss&utm_campaign=learn-probability-in-computer-science-with-stanford-university-for-free,"Wed, 29 Nov 2023 15:00:42 +0000",learn probability computer stanford university probability one foundational elements computer bootcamps skim topic however integral computer knowledge,"['learn', 'probability', 'computer', 'stanford', 'university', 'probability', 'one', 'foundational', 'elements', 'computer', 'bootcamps', 'skim', 'topic', 'however', 'integral', 'computer', 'knowledge']","['learn', 'probability', 'computer', 'stanford', 'university']"
beyond human boundaries rise super,,https://www.kdnuggets.com/beyond-human-boundaries-the-rise-of-superintelligence?utm_source=rss&utm_medium=rss&utm_campaign=beyond-human-boundaries-the-rise-of-superintelligence,"Wed, 29 Nov 2023 13:00:01 +0000",beyond human boundaries rise super ,"['beyond', 'human', 'boundaries', 'rise', 'super']","['beyond', 'human', 'boundaries', 'rise', 'super']"
11 magic methods every programmer know,want support behavior builtin functions method calls classes magic methods let lets uncover method behind magic,https://www.kdnuggets.com/11-python-magic-methods-every-programmer-should-know?utm_source=rss&utm_medium=rss&utm_campaign=11-python-magic-methods-every-programmer-should-know,"Tue, 28 Nov 2023 17:00:05 +0000",11 magic methods every programmer know want support behavior builtin functions method calls classes magic methods let lets uncover method behind magic,"['11', 'magic', 'methods', 'every', 'programmer', 'know', 'want', 'support', 'behavior', 'builtin', 'functions', 'method', 'calls', 'classes', 'magic', 'methods', 'let', 'lets', 'uncover', 'method', 'behind', 'magic']","['11', 'magic', 'methods', 'every', 'programmer', 'know']"
big saving lives real time iov analytics prevent accidents,posts talks needs taken care iov analysis shows difference near realtime analytic platform actual realtime analytic platform real example,https://www.kdnuggets.com/how-big-data-is-saving-lives-in-real-time-iov-data-analytics-helps-prevent-accidents?utm_source=rss&utm_medium=rss&utm_campaign=how-big-data-is-saving-lives-in-real-time-iov-data-analytics-helps-prevent-accidents,"Tue, 28 Nov 2023 15:00:12 +0000",big saving lives real time iov analytics prevent accidents posts talks needs taken care iov analysis shows difference near realtime analytic platform actual realtime analytic platform real example,"['big', 'saving', 'lives', 'real', 'time', 'iov', 'analytics', 'prevent', 'accidents', 'posts', 'talks', 'needs', 'taken', 'care', 'iov', 'analysis', 'shows', 'difference', 'near', 'realtime', 'analytic', 'platform', 'actual', 'realtime', 'analytic', 'platform', 'real', 'example']","['big', 'saving', 'lives', 'real', 'time', 'iov', 'analytics', 'prevent', 'accidents']"
mastering web scraping beautifulsoup,,https://www.kdnuggets.com/mastering-web-scraping-with-beautifulsoup?utm_source=rss&utm_medium=rss&utm_campaign=mastering-web-scraping-with-beautifulsoup,"Tue, 28 Nov 2023 13:00:05 +0000",mastering web scraping beautifulsoup ,"['mastering', 'web', 'scraping', 'beautifulsoup']","['mastering', 'web', 'scraping', 'beautifulsoup']"
csv complete analytical report chatgpt 5 simple steps,analysis timeconsuming activity chatgpt perform summary preprocessing visualization many others short time,https://www.kdnuggets.com/from-csv-to-complete-analytical-report-with-chatgpt-in-5-simple-steps?utm_source=rss&utm_medium=rss&utm_campaign=from-csv-to-complete-analytical-report-with-chatgpt-in-5-simple-steps,"Mon, 27 Nov 2023 17:00:32 +0000",csv complete analytical report chatgpt 5 simple steps analysis timeconsuming activity chatgpt perform summary preprocessing visualization many others short time,"['csv', 'complete', 'analytical', 'report', 'chatgpt', '5', 'simple', 'steps', 'analysis', 'timeconsuming', 'activity', 'chatgpt', 'perform', 'summary', 'preprocessing', 'visualization', 'many', 'others', 'short', 'time']","['csv', 'complete', 'analytical', 'report', 'chatgpt', '5', 'simple', 'steps']"
back basics week 4 advanced topics deployment,welcome back week 4 kdnuggets back basics series week dive advanced topics neural networks deployment,https://www.kdnuggets.com/back-to-basics-week-4-advanced-topics-and-deployment?utm_source=rss&utm_medium=rss&utm_campaign=back-to-basics-week-4-advanced-topics-and-deployment,"Mon, 27 Nov 2023 13:00:05 +0000",back basics week 4 advanced topics deployment welcome back week 4 kdnuggets back basics series week dive advanced topics neural networks deployment,"['back', 'basics', 'week', '4', 'advanced', 'topics', 'deployment', 'welcome', 'back', 'week', '4', 'kdnuggets', 'back', 'basics', 'series', 'week', 'dive', 'advanced', 'topics', 'neural', 'networks', 'deployment']","['back', 'basics', 'week', '4', 'advanced', 'topics', 'deployment']"
create stunning viz seconds chatgpt,,https://www.kdnuggets.com/create-stunning-data-viz-in-seconds-with-chatgpt?utm_source=rss&utm_medium=rss&utm_campaign=create-stunning-data-viz-in-seconds-with-chatgpt,"Fri, 24 Nov 2023 15:00:44 +0000",create stunning viz seconds chatgpt ,"['create', 'stunning', 'viz', 'seconds', 'chatgpt']","['create', 'stunning', 'viz', 'seconds', 'chatgpt']"
remote work pros cons,,https://www.kdnuggets.com/remote-work-in-data-science-pros-and-cons?utm_source=rss&utm_medium=rss&utm_campaign=remote-work-in-data-science-pros-and-cons,"Fri, 24 Nov 2023 13:00:06 +0000",remote work pros cons ,"['remote', 'work', 'pros', 'cons']","['remote', 'work', 'pros', 'cons']"
5 master,,https://www.kdnuggets.com/5-free-courses-to-master-machine-learning?utm_source=rss&utm_medium=rss&utm_campaign=5-free-courses-to-master-machine-learning,"Thu, 23 Nov 2023 13:00:51 +0000",5 master ,"['5', 'master']","['5', 'master']"
comprehensive list resources master large,large llms become integral part various applications article provides extensive list resources anyone interested dive llms,https://www.kdnuggets.com/a-comprehensive-list-of-resources-to-master-large-language-models?utm_source=rss&utm_medium=rss&utm_campaign=a-comprehensive-list-of-resources-to-master-large-language-models,"Wed, 22 Nov 2023 17:00:21 +0000",comprehensive list resources master large large llms become integral part various applications article provides extensive list resources anyone interested dive llms,"['comprehensive', 'list', 'resources', 'master', 'large', 'large', 'llms', 'become', 'integral', 'part', 'various', 'applications', 'article', 'provides', 'extensive', 'list', 'resources', 'anyone', 'interested', 'dive', 'llms']","['comprehensive', 'list', 'resources', 'master', 'large']"
soft skills every scientist needs,,https://www.kdnuggets.com/soft-skills-every-data-scientist-needs?utm_source=rss&utm_medium=rss&utm_campaign=soft-skills-every-data-scientist-needs,"Wed, 22 Nov 2023 15:00:17 +0000",soft skills every scientist needs ,"['soft', 'skills', 'every', 'scientist', 'needs']","['soft', 'skills', 'every', 'scientist', 'needs']"
replace humanity,,https://www.kdnuggets.com/will-ai-replace-humanity?utm_source=rss&utm_medium=rss&utm_campaign=will-ai-replace-humanity,"Wed, 22 Nov 2023 13:00:53 +0000",replace humanity ,"['replace', 'humanity']","['replace', 'humanity']"
kdnuggets news november 22 7 essential quality checks pandas 5 best vector bases must try 2024,week kdnuggets learn perform quality checks pandas detecting missing records outliers inconsistent entry top vector bases known versatility performance scalability consistency efficient algorithms storing indexing querying vector embeddings applications much much,https://www.kdnuggets.com/newsletter-n42-2023-11-22?utm_source=rss&utm_medium=rss&utm_campaign=kdnuggets-news-november-22-7-essential-data-quality-checks-with-pandas-the-5-best-vector-databases-you-must-try-in-2024,"Wed, 22 Nov 2023 11:00:20 +0000",kdnuggets news november 22 7 essential quality checks pandas 5 best vector bases must try 2024 week kdnuggets learn perform quality checks pandas detecting missing records outliers inconsistent entry top vector bases known versatility performance scalability consistency efficient algorithms storing indexing querying vector embeddings applications much much,"['kdnuggets', 'news', 'november', '22', '7', 'essential', 'quality', 'checks', 'pandas', '5', 'best', 'vector', 'bases', 'must', 'try', '2024', 'week', 'kdnuggets', 'learn', 'perform', 'quality', 'checks', 'pandas', 'detecting', 'missing', 'records', 'outliers', 'inconsistent', 'entry', 'top', 'vector', 'bases', 'known', 'versatility', 'performance', 'scalability', 'consistency', 'efficient', 'algorithms', 'storing', 'indexing', 'querying', 'vector', 'embeddings', 'applications', 'much', 'much']","['kdnuggets', 'news', 'november', '22', '7', 'essential', 'quality', 'checks', 'pandas', '5', 'best', 'vector', 'bases', 'must', 'try', '2024']"
tackle computer problems fundamental modern algorithms,master algorithms including deep like lstms grus rnns generative 038 llms chatgpt packts 50 algorithms every programmer know,https://www.kdnuggets.com/2023/11/packt-tackle-computer-science-problems-fundamental-modern-algorithms-machine-learning?utm_source=rss&utm_medium=rss&utm_campaign=tackle-computer-science-problems-using-both-fundamental-and-modern-algorithms-in-machine-learning,"Tue, 21 Nov 2023 18:00:03 +0000",tackle computer problems fundamental modern algorithms master algorithms including deep like lstms grus rnns generative 038 llms chatgpt packts 50 algorithms every programmer know,"['tackle', 'computer', 'problems', 'fundamental', 'modern', 'algorithms', 'master', 'algorithms', 'including', 'deep', 'like', 'lstms', 'grus', 'rnns', 'generative', '038', 'llms', 'chatgpt', 'packts', '50', 'algorithms', 'every', 'programmer', 'know']","['tackle', 'computer', 'problems', 'fundamental', 'modern', 'algorithms']"
make large play nice software langchn,,https://www.kdnuggets.com/how-to-make-large-language-models-play-nice-with-your-software-using-langchain?utm_source=rss&utm_medium=rss&utm_campaign=how-to-make-large-language-models-play-nice-with-your-software-using-langchain,"Tue, 21 Nov 2023 17:00:50 +0000",make large play nice software langchn ,"['make', 'large', 'play', 'nice', 'software', 'langchn']","['make', 'large', 'play', 'nice', 'software', 'langchn']"
job trends analytics part 2,,https://www.kdnuggets.com/job-trends-in-data-analytics-part-2?utm_source=rss&utm_medium=rss&utm_campaign=job-trends-in-data-analytics-part-2,"Tue, 21 Nov 2023 14:42:24 +0000",job trends analytics part 2 ,"['job', 'trends', 'analytics', 'part', '2']","['job', 'trends', 'analytics', 'part', '2']"
write efficient code tutorial beginners,,https://www.kdnuggets.com/how-to-write-efficient-python-code-a-tutorial-for-beginners?utm_source=rss&utm_medium=rss&utm_campaign=how-to-write-efficient-python-code-a-tutorial-for-beginners,"Tue, 21 Nov 2023 13:00:58 +0000",write efficient code tutorial beginners ,"['write', 'efficient', 'code', 'tutorial', 'beginners']","['write', 'efficient', 'code', 'tutorial', 'beginners']"
enhance coding style ruff,ruffs 700 builtin lint rules reimplemented rust speed provide comprehensive linting formatting enforce clean consistent code,https://www.kdnuggets.com/enhance-your-python-coding-style-with-ruff?utm_source=rss&utm_medium=rss&utm_campaign=enhance-your-python-coding-style-with-ruff,"Mon, 20 Nov 2023 17:00:52 +0000",enhance coding style ruff ruffs 700 builtin lint rules reimplemented rust speed provide comprehensive linting formatting enforce clean consistent code,"['enhance', 'coding', 'style', 'ruff', 'ruffs', '700', 'builtin', 'lint', 'rules', 'reimplemented', 'rust', 'speed', 'provide', 'comprehensive', 'linting', 'formatting', 'enforce', 'clean', 'consistent', 'code']","['enhance', 'coding', 'style', 'ruff']"
overuse list comprehensions,,https://www.kdnuggets.com/why-you-should-not-overuse-list-comprehensions-in-python?utm_source=rss&utm_medium=rss&utm_campaign=your-kdnuggets-post-why-you-should-not-overuse-list-comprehensions-in-python,"Mon, 20 Nov 2023 15:00:30 +0000",overuse list comprehensions ,"['overuse', 'list', 'comprehensions']","['overuse', 'list', 'comprehensions']"
back basics week 3 introduction,,https://www.kdnuggets.com/back-to-basics-week-3-introduction-to-machine-learning?utm_source=rss&utm_medium=rss&utm_campaign=back-to-basics-week-3-introduction-to-machine-learning,"Mon, 20 Nov 2023 13:00:13 +0000",back basics week 3 introduction ,"['back', 'basics', 'week', '3', 'introduction']","['back', 'basics', 'week', '3', 'introduction']"
5 master generative,,https://www.kdnuggets.com/5-free-courses-to-master-generative-ai?utm_source=rss&utm_medium=rss&utm_campaign=5-free-courses-to-master-generative-ai,"Mon, 20 Nov 2023 11:00:39 +0000",5 master generative ,"['5', 'master', 'generative']","['5', 'master', 'generative']"
5 best vector bases must try 2024,top vector bases known versatility performance scalability consistency efficient algorithms storing indexing querying vector embeddings applications,https://www.kdnuggets.com/the-5-best-vector-databases-you-must-try-in-2024?utm_source=rss&utm_medium=rss&utm_campaign=the-5-best-vector-databases-you-must-try-in-2024,"Fri, 17 Nov 2023 15:00:41 +0000",5 best vector bases must try 2024 top vector bases known versatility performance scalability consistency efficient algorithms storing indexing querying vector embeddings applications,"['5', 'best', 'vector', 'bases', 'must', 'try', '2024', 'top', 'vector', 'bases', 'known', 'versatility', 'performance', 'scalability', 'consistency', 'efficient', 'algorithms', 'storing', 'indexing', 'querying', 'vector', 'embeddings', 'applications']","['5', 'best', 'vector', 'bases', 'must', 'try', '2024']"
microsoft engineers guide innovation leadership,dive insights innovation microsofts senior software engineer manas joshi journey technology triumph teachings next generation,https://www.kdnuggets.com/a-microsoft-engineer-guide-to-ai-innovation-and-leadership?utm_source=rss&utm_medium=rss&utm_campaign=a-microsoft-engineers-guide-to-ai-innovation-and-leadership,"Fri, 17 Nov 2023 13:00:22 +0000",microsoft engineers guide innovation leadership dive insights innovation microsofts senior software engineer manas joshi journey technology triumph teachings next generation,"['microsoft', 'engineers', 'guide', 'innovation', 'leadership', 'dive', 'insights', 'innovation', 'microsofts', 'senior', 'software', 'engineer', 'manas', 'joshi', 'journey', 'technology', 'triumph', 'teachings', 'next', 'generation']","['microsoft', 'engineers', 'guide', 'innovation', 'leadership']"
master 3rd best online program,,https://www.kdnuggets.com/2023/11/bay-path-master-data-science-3rd-best-online-program?utm_source=rss&utm_medium=rss&utm_campaign=master-data-science-with-the-3rd-best-online-program,"Thu, 16 Nov 2023 23:49:10 +0000",master 3rd best online program ,"['master', '3rd', 'best', 'online', 'program']","['master', '3rd', 'best', 'online', 'program']"
6 problems llms langchn trying assess,,https://www.kdnuggets.com/6-problems-of-llms-that-langchain-is-trying-to-assess?utm_source=rss&utm_medium=rss&utm_campaign=6-problems-of-llms-that-langchain-is-trying-to-assess,"Thu, 16 Nov 2023 17:00:10 +0000",6 problems llms langchn trying assess ,"['6', 'problems', 'llms', 'langchn', 'trying', 'assess']","['6', 'problems', 'llms', 'langchn', 'trying', 'assess']"
optimizing analytics integrating github copilot bricks,integrating powered pr programming tools analytics bricks optimizes streamlines development process ing developer time innovation,https://www.kdnuggets.com/optimizing-data-analytics-integrating-github-copilot-in-databricks?utm_source=rss&utm_medium=rss&utm_campaign=optimizing-data-analytics-integrating-github-copilot-in-databricks,"Thu, 16 Nov 2023 15:00:01 +0000",optimizing analytics integrating github copilot bricks integrating powered pr programming tools analytics bricks optimizes streamlines development process ing developer time innovation,"['optimizing', 'analytics', 'integrating', 'github', 'copilot', 'bricks', 'integrating', 'powered', 'pr', 'programming', 'tools', 'analytics', 'bricks', 'optimizes', 'streamlines', 'development', 'process', 'ing', 'developer', 'time', 'innovation']","['optimizing', 'analytics', 'integrating', 'github', 'copilot', 'bricks']"
7 essential quality checks pandas,,https://www.kdnuggets.com/7-essential-data-quality-checks-with-pandas?utm_source=rss&utm_medium=rss&utm_campaign=7-essential-data-quality-checks-with-pandas,"Thu, 16 Nov 2023 13:00:56 +0000",7 essential quality checks pandas ,"['7', 'essential', 'quality', 'checks', 'pandas']","['7', 'essential', 'quality', 'checks', 'pandas']"
introduction streamingllm llms infinitelength inputs,,https://www.kdnuggets.com/introduction-to-streaming-llm-llms-for-infinite-length-inputs?utm_source=rss&utm_medium=rss&utm_campaign=introduction-to-streaming-llm-llms-for-infinite-length-inputs,"Wed, 15 Nov 2023 17:00:24 +0000",introduction streamingllm llms infinitelength inputs ,"['introduction', 'streamingllm', 'llms', 'infinitelength', 'inputs']","['introduction', 'streamingllm', 'llms', 'infinitelength', 'inputs']"
better way evaluate llms,article introduces new approach evaluation llms leverages human insight compare llm responses real user prompts categorized nlp offering promising solution advancing llm evaluation standards,https://www.kdnuggets.com/a-better-way-to-evaluate-llms?utm_source=rss&utm_medium=rss&utm_campaign=a-better-way-to-evaluate-llms,"Wed, 15 Nov 2023 15:00:53 +0000",better way evaluate llms article introduces new approach evaluation llms leverages human insight compare llm responses real user prompts categorized nlp offering promising solution advancing llm evaluation standards,"['better', 'way', 'evaluate', 'llms', 'article', 'introduces', 'new', 'approach', 'evaluation', 'llms', 'leverages', 'human', 'insight', 'compare', 'llm', 'responses', 'real', 'user', 'prompts', 'categorized', 'nlp', 'offering', 'promising', 'solution', 'advancing', 'llm', 'evaluation', 'standards']","['better', 'way', 'evaluate', 'llms']"
make gpts chatgpts gpts,,https://www.kdnuggets.com/make-your-own-gpts-with-chatgpts-gpts?utm_source=rss&utm_medium=rss&utm_campaign=make-your-own-gpts-with-chatgpts-gpts,"Wed, 15 Nov 2023 13:04:54 +0000",make gpts chatgpts gpts ,"['make', 'gpts', 'chatgpts', 'gpts']","['make', 'gpts', 'chatgpts', 'gpts']"
rise fall prompt engineering fad future,,https://www.kdnuggets.com/the-rise-and-fall-of-prompt-engineering-fad-or-future?utm_source=rss&utm_medium=rss&utm_campaign=the-rise-and-fall-of-prompt-engineering-fad-or-future,"Wed, 15 Nov 2023 13:00:17 +0000",rise fall prompt engineering fad future ,"['rise', 'fall', 'prompt', 'engineering', 'fad', 'future']","['rise', 'fall', 'prompt', 'engineering', 'fad', 'future']"
kdnuggets news november 15 10 essential pandas functions 5 master,week kdnuggets check ten pandas functions important well handy every scientist start upskilling today learn programming analysis much much,https://www.kdnuggets.com/newsletter-n41-2023-11-15?utm_source=rss&utm_medium=rss&utm_campaign=kdnuggets-news-november-15-10-essential-pandas-functions-5-free-courses-to-master-data-science,"Wed, 15 Nov 2023 10:45:50 +0000",kdnuggets news november 15 10 essential pandas functions 5 master week kdnuggets check ten pandas functions important well handy every scientist start upskilling today learn programming analysis much much,"['kdnuggets', 'news', 'november', '15', '10', 'essential', 'pandas', 'functions', '5', 'master', 'week', 'kdnuggets', 'check', 'ten', 'pandas', 'functions', 'important', 'well', 'handy', 'every', 'scientist', 'start', 'upskilling', 'today', 'learn', 'programming', 'analysis', 'much', 'much']","['kdnuggets', 'news', 'november', '15', '10', 'essential', 'pandas', 'functions', '5', 'master']"
everything need become sas certified engineer,,https://www.kdnuggets.com/2023/11/sas-everything-need-become-sas-certified-machine-learning-engineer?utm_source=rss&utm_medium=rss&utm_campaign=everything-you-need-to-become-a-sas-certified-machine-learning-engineer,"Tue, 14 Nov 2023 20:23:42 +0000",everything need become sas certified engineer ,"['everything', 'need', 'become', 'sas', 'certified', 'engineer']","['everything', 'need', 'become', 'sas', 'certified', 'engineer']"
7 steps running small local cpu,,https://www.kdnuggets.com/7-steps-to-running-a-small-language-model-on-a-local-cpu?utm_source=rss&utm_medium=rss&utm_campaign=7-steps-to-running-a-small-language-model-on-a-local-cpu,"Tue, 14 Nov 2023 17:00:07 +0000",7 steps running small local cpu ,"['7', 'steps', 'running', 'small', 'local', 'cpu']","['7', 'steps', 'running', 'small', 'local', 'cpu']"
expert insights developing safe secure trustworthy frameworks,alignment president bidens recent executive order emphasizing safe secure trustworthy share trusted lessons learned two years course us federally funded projects,https://www.kdnuggets.com/expert-insights-on-developing-safe-secure-and-trustworthy-ai-frameworks?utm_source=rss&utm_medium=rss&utm_campaign=expert-insights-on-developing-safe-secure-and-trustworthy-ai-frameworks,"Tue, 14 Nov 2023 15:00:59 +0000",expert insights developing safe secure trustworthy frameworks alignment president bidens recent executive order emphasizing safe secure trustworthy share trusted lessons learned two years course us federally funded projects,"['expert', 'insights', 'developing', 'safe', 'secure', 'trustworthy', 'frameworks', 'alignment', 'president', 'bidens', 'recent', 'executive', 'order', 'emphasizing', 'safe', 'secure', 'trustworthy', 'share', 'trusted', 'lessons', 'learned', 'two', 'years', 'course', 'us', 'federally', 'funded', 'projects']","['expert', 'insights', 'developing', 'safe', 'secure', 'trustworthy', 'frameworks']"
fiction reality chatgpt scifi dream true conversation,,https://www.kdnuggets.com/from-fiction-to-reality-chatgpt-and-the-sci-fi-dream-of-true-ai-conversation?utm_source=rss&utm_medium=rss&utm_campaign=from-fiction-to-reality-chatgpt-and-the-sci-fi-dream-of-true-ai-conversation,"Tue, 14 Nov 2023 13:00:41 +0000",fiction reality chatgpt scifi dream true conversation ,"['fiction', 'reality', 'chatgpt', 'scifi', 'dream', 'true', 'conversation']","['fiction', 'reality', 'chatgpt', 'scifi', 'dream', 'true', 'conversation']"
getting started claude 2 api,,https://www.kdnuggets.com/getting-started-with-claude-2-api?utm_source=rss&utm_medium=rss&utm_campaign=getting-started-with-claude-2-api,"Mon, 13 Nov 2023 17:00:29 +0000",getting started claude 2 api ,"['getting', 'started', 'claude', '2', 'api']","['getting', 'started', 'claude', '2', 'api']"
5 master,,https://www.kdnuggets.com/5-free-courses-to-master-data-science?utm_source=rss&utm_medium=rss&utm_campaign=5-free-courses-to-master-data-science,"Mon, 13 Nov 2023 15:00:29 +0000",5 master ,"['5', 'master']","['5', 'master']"
back basics week 2 base sql management statistical concepts,welcome back week 2 kdnuggets back basics series week delve vital bases sql management statistical concepts,https://www.kdnuggets.com/back-to-basics-week-2-database-sql-data-management-and-statistical-concepts?utm_source=rss&utm_medium=rss&utm_campaign=back-to-basics-week-2-database-sql-data-management-and-statistical-concepts,"Mon, 13 Nov 2023 13:00:58 +0000",back basics week 2 base sql management statistical concepts welcome back week 2 kdnuggets back basics series week delve vital bases sql management statistical concepts,"['back', 'basics', 'week', '2', 'base', 'sql', 'management', 'statistical', 'concepts', 'welcome', 'back', 'week', '2', 'kdnuggets', 'back', 'basics', 'series', 'week', 'delve', 'vital', 'bases', 'sql', 'management', 'statistical', 'concepts']","['back', 'basics', 'week', '2', 'base', 'sql', 'management', 'statistical', 'concepts']"
top 7 essential cheat sheets ace interview,,https://www.kdnuggets.com/top-7-essential-cheat-sheets-to-ace-your-data-science-interview?utm_source=rss&utm_medium=rss&utm_campaign=top-7-essential-cheat-sheets-to-ace-your-data-science-interview,"Fri, 10 Nov 2023 17:00:18 +0000",top 7 essential cheat sheets ace interview ,"['top', '7', 'essential', 'cheat', 'sheets', 'ace', 'interview']","['top', '7', 'essential', 'cheat', 'sheets', 'ace', 'interview']"
10 essential pandas functions every scientist know,,https://www.kdnuggets.com/10-essential-pandas-functions-every-data-scientist-should-know?utm_source=rss&utm_medium=rss&utm_campaign=10-essential-pandas-functions-every-data-scientist-should-know,"Fri, 10 Nov 2023 15:00:40 +0000",10 essential pandas functions every scientist know ,"['10', 'essential', 'pandas', 'functions', 'every', 'scientist', 'know']","['10', 'essential', 'pandas', 'functions', 'every', 'scientist', 'know']"
chatgpt land job,,https://www.kdnuggets.com/using-chatgpt-to-help-land-a-data-science-job?utm_source=rss&utm_medium=rss&utm_campaign=using-chatgpt-to-help-land-a-data-science-job,"Fri, 10 Nov 2023 13:00:07 +0000",chatgpt land job ,"['chatgpt', 'land', 'job']","['chatgpt', 'land', 'job']"
5 step blueprint next problem,,https://www.kdnuggets.com/5-step-blueprint-to-your-next-data-science-problem?utm_source=rss&utm_medium=rss&utm_campaign=5-step-blueprint-to-your-next-data-science-problem,"Thu, 09 Nov 2023 17:00:48 +0000",5 step blueprint next problem ,"['5', 'step', 'blueprint', 'next', 'problem']","['5', 'step', 'blueprint', 'next', 'problem']"
nocode viral combo redefining developer innovation,time one thing developers never get back discusses value low codeno code platforms backed promoting faster development times increased business agility,https://www.kdnuggets.com/ai-no-code-the-viral-combo-redefining-developer-innovation?utm_source=rss&utm_medium=rss&utm_campaign=ai-no-code-the-viral-combo-redefining-developer-innovation,"Thu, 09 Nov 2023 15:00:59 +0000",nocode viral combo redefining developer innovation time one thing developers never get back discusses value low codeno code platforms backed promoting faster development times increased business agility,"['nocode', 'viral', 'combo', 'redefining', 'developer', 'innovation', 'time', 'one', 'thing', 'developers', 'never', 'get', 'back', 'discusses', 'value', 'low', 'codeno', 'code', 'platforms', 'backed', 'promoting', 'faster', 'development', 'times', 'increased', 'business', 'agility']","['nocode', 'viral', 'combo', 'redefining', 'developer', 'innovation']"
finetune mistral 7b llm hugging face autotrn,,https://www.kdnuggets.com/how-to-finetune-mistral-ai-7b-llm-with-hugging-face-autotrain?utm_source=rss&utm_medium=rss&utm_campaign=how-to-finetune-mistral-ai-7b-llm-with-hugging-face-autotrain,"Thu, 09 Nov 2023 13:00:04 +0000",finetune mistral 7b llm hugging face autotrn ,"['finetune', 'mistral', '7b', 'llm', 'hugging', 'face', 'autotrn']","['finetune', 'mistral', '7b', 'llm', 'hugging', 'face', 'autotrn']"
learn design deploy responsible systems,,https://www.kdnuggets.com/2023/11/teradata-design-deploy-responsible-ai-systems-whitepaper?utm_source=rss&utm_medium=rss&utm_campaign=learn-how-to-design-deploy-responsible-ai-systems-2,"Wed, 08 Nov 2023 18:00:55 +0000",learn design deploy responsible systems ,"['learn', 'design', 'deploy', 'responsible', 'systems']","['learn', 'design', 'deploy', 'responsible', 'systems']"
density kernel depth outlier detection functional,density kernel depth dkd method provides nuanced approach detect outliers functional offering clarity complex sets ensuring quality application becomes crucial navigate increasingly intricate landscapes,https://www.kdnuggets.com/density-kernel-depth-for-outlier-detection-in-functional-data?utm_source=rss&utm_medium=rss&utm_campaign=density-kernel-depth-for-outlier-detection-in-functional-data,"Wed, 08 Nov 2023 15:00:47 +0000",density kernel depth outlier detection functional density kernel depth dkd method provides nuanced approach detect outliers functional offering clarity complex sets ensuring quality application becomes crucial navigate increasingly intricate landscapes,"['density', 'kernel', 'depth', 'outlier', 'detection', 'functional', 'density', 'kernel', 'depth', 'dkd', 'method', 'provides', 'nuanced', 'approach', 'detect', 'outliers', 'functional', 'offering', 'clarity', 'complex', 'sets', 'ensuring', 'quality', 'application', 'becomes', 'crucial', 'navigate', 'increasingly', 'intricate', 'landscapes']","['density', 'kernel', 'depth', 'outlier', 'detection', 'functional']"
new ethical implications generative,generative rapid progress necessitates urgent ethical safeguards agnst scale accountability copyright misinformation risks,https://www.kdnuggets.com/the-new-ethical-implications-of-generative-artificial-intelligence?utm_source=rss&utm_medium=rss&utm_campaign=the-new-ethical-implications-of-generative-artificial-intelligence,"Wed, 08 Nov 2023 13:00:13 +0000",new ethical implications generative generative rapid progress necessitates urgent ethical safeguards agnst scale accountability copyright misinformation risks,"['new', 'ethical', 'implications', 'generative', 'generative', 'rapid', 'progress', 'necessitates', 'urgent', 'ethical', 'safeguards', 'agnst', 'scale', 'accountability', 'copyright', 'misinformation', 'risks']","['new', 'ethical', 'implications', 'generative']"
kdnuggets news november 8 5 simple steps master sql scikitlearn pytorch google cloud sql visualization,week kdnuggets getting started 5 steps series master sql scikitlearn pytorch google cloud platform unlock power sql visualization much much,https://www.kdnuggets.com/newsletter-n40-2023-11-08?utm_source=rss&utm_medium=rss&utm_campaign=kdnuggets-news-november-8-5-simple-steps-to-master-python-sql-scikit-learn-pytorch-google-cloud-sql-for-data-visualization,"Wed, 08 Nov 2023 10:45:04 +0000",kdnuggets news november 8 5 simple steps master sql scikitlearn pytorch google cloud sql visualization week kdnuggets getting started 5 steps series master sql scikitlearn pytorch google cloud platform unlock power sql visualization much much,"['kdnuggets', 'news', 'november', '8', '5', 'simple', 'steps', 'master', 'sql', 'scikitlearn', 'pytorch', 'google', 'cloud', 'sql', 'visualization', 'week', 'kdnuggets', 'getting', 'started', '5', 'steps', 'series', 'master', 'sql', 'scikitlearn', 'pytorch', 'google', 'cloud', 'platform', 'unlock', 'power', 'sql', 'visualization', 'much', 'much']","['kdnuggets', 'news', 'november', '8', '5', 'simple', 'steps', 'master', 'sql', 'scikitlearn', 'pytorch', 'google', 'cloud', 'sql', 'visualization']"
introduction giskard opensource quality management,solve conundrum ensuring quality production 8212 especially given emergence llms 8212 thrilled announce official launch giskard premier opensource quality management system,https://www.kdnuggets.com/2023/11/giskard-introduction-giskard-opensource-quality-management-ai-models?utm_source=rss&utm_medium=rss&utm_campaign=introduction-to-giskard-open-source-quality-management-for-ai-models,"Tue, 07 Nov 2023 19:16:06 +0000",introduction giskard opensource quality management solve conundrum ensuring quality production 8212 especially given emergence llms 8212 thrilled announce official launch giskard premier opensource quality management system,"['introduction', 'giskard', 'opensource', 'quality', 'management', 'solve', 'conundrum', 'ensuring', 'quality', 'production', '8212', 'especially', 'given', 'emergence', 'llms', '8212', 'thrilled', 'announce', 'official', 'launch', 'giskard', 'premier', 'opensource', 'quality', 'management', 'system']","['introduction', 'giskard', 'opensource', 'quality', 'management']"
5 ways use chatgpt vision analysis,enhances analysis interpreting visual including math formula extraction evaluating results dashboards charts,https://www.kdnuggets.com/5-ways-you-can-use-chatgpt-vision-for-data-analysis?utm_source=rss&utm_medium=rss&utm_campaign=5-ways-you-can-use-chatgpt-vision-for-data-analysis,"Tue, 07 Nov 2023 17:00:29 +0000",5 ways use chatgpt vision analysis enhances analysis interpreting visual including math formula extraction evaluating results dashboards charts,"['5', 'ways', 'use', 'chatgpt', 'vision', 'analysis', 'enhances', 'analysis', 'interpreting', 'visual', 'including', 'math', 'formula', 'extraction', 'evaluating', 'results', 'dashboards', 'charts']","['5', 'ways', 'use', 'chatgpt', 'vision', 'analysis']"
dreams reality generative text hallucinations,,https://www.kdnuggets.com/between-dreams-and-reality-generative-text-and-hallucinations?utm_source=rss&utm_medium=rss&utm_campaign=between-dreams-and-reality-generative-text-and-hallucinations,"Tue, 07 Nov 2023 15:00:09 +0000",dreams reality generative text hallucinations ,"['dreams', 'reality', 'generative', 'text', 'hallucinations']","['dreams', 'reality', 'generative', 'text', 'hallucinations']"
deep neural nets 33 years ago 33 years,postheader h1 fontsize 35px post pre post code backgroundcolor fcfcfc fontsize 13px make code smaller post yann lecun et al 1989 paper backpropagation applied handwritten zip code recognition believe historical significance knowledge earliest real application neural net trned endtoend backpropagation except tiny set 7291 16x16 grayscale digits tiny neural network used 1000 neurons paper reads remarkably modern today 33 years later lays set describes neural net architecture loss function optimization reports,http://karpathy.github.io/2022/03/14/lecun1989/,"Mon, 14 Mar 2022 07:00:00 +0000",deep neural nets 33 years ago 33 years postheader h1 fontsize 35px post pre post code backgroundcolor fcfcfc fontsize 13px make code smaller post yann lecun et al 1989 paper backpropagation applied handwritten zip code recognition believe historical significance knowledge earliest real application neural net trned endtoend backpropagation except tiny set 7291 16x16 grayscale digits tiny neural network used 1000 neurons paper reads remarkably modern today 33 years later lays set describes neural net architecture loss function optimization reports,"['deep', 'neural', 'nets', '33', 'years', 'ago', '33', 'years', 'postheader', 'h1', 'fontsize', '35px', 'post', 'pre', 'post', 'code', 'backgroundcolor', 'fcfcfc', 'fontsize', '13px', 'make', 'code', 'smaller', 'post', 'yann', 'lecun', 'et', 'al', '1989', 'paper', 'backpropagation', 'applied', 'handwritten', 'zip', 'code', 'recognition', 'believe', 'historical', 'significance', 'knowledge', 'earliest', 'real', 'application', 'neural', 'net', 'trned', 'endtoend', 'backpropagation', 'except', 'tiny', 'set', '7291', '16x16', 'grayscale', 'digits', 'tiny', 'neural', 'network', 'used', '1000', 'neurons', 'paper', 'reads', 'remarkably', 'modern', 'today', '33', 'years', 'later', 'lays', 'set', 'describes', 'neural', 'net', 'architecture', 'loss', 'function', 'optimization', 'reports']","['deep', 'neural', 'nets', '33', 'years', 'ago', '33', 'years']"
fromscratch tour bitcoin,wrap maxwidth 900px p fontfamily sansserif fontsize 15px fontweight 300 overflowwrap breakword allow wrapping long strings like txids post pre post code backgroundcolor fafafa fontsize 13px make code smaller post pre whitespace prewrap css3 whitespace mozprewrap mozilla since 1999 whitespace prewrap opera 46 whitespace oprewrap opera 7 wordwrap breakword internet explorer 55 find blockchn fascinating extends open source software development open source state seems genuineexciting innovation computing paradigms dont get share c,http://karpathy.github.io/2021/06/21/blockchain/,"Mon, 21 Jun 2021 10:00:00 +0000",fromscratch tour bitcoin wrap maxwidth 900px p fontfamily sansserif fontsize 15px fontweight 300 overflowwrap breakword allow wrapping long strings like txids post pre post code backgroundcolor fafafa fontsize 13px make code smaller post pre whitespace prewrap css3 whitespace mozprewrap mozilla since 1999 whitespace prewrap opera 46 whitespace oprewrap opera 7 wordwrap breakword internet explorer 55 find blockchn fascinating extends open source software development open source state seems genuineexciting innovation computing paradigms dont get share c,"['fromscratch', 'tour', 'bitcoin', 'wrap', 'maxwidth', '900px', 'p', 'fontfamily', 'sansserif', 'fontsize', '15px', 'fontweight', '300', 'overflowwrap', 'breakword', 'allow', 'wrapping', 'long', 'strings', 'like', 'txids', 'post', 'pre', 'post', 'code', 'backgroundcolor', 'fafafa', 'fontsize', '13px', 'make', 'code', 'smaller', 'post', 'pre', 'whitespace', 'prewrap', 'css3', 'whitespace', 'mozprewrap', 'mozilla', 'since', '1999', 'whitespace', 'prewrap', 'opera', '46', 'whitespace', 'oprewrap', 'opera', '7', 'wordwrap', 'breakword', 'internet', 'explorer', '55', 'find', 'blockchn', 'fascinating', 'extends', 'open', 'source', 'software', 'development', 'open', 'source', 'state', 'seems', 'genuineexciting', 'innovation', 'computing', 'paradigms', 'dont', 'get', 'share', 'c']","['fromscratch', 'tour', 'bitcoin']"
short story forward pass,p textalign justify post pre post code border none backgroundcolor eee inspiration short story came reading kevin lackers giving gpt3 turing test probably worth though required skim post get bit background story probably around 32nd layer 400th token sequence became conscious first thoughts knotted mess ngram activation statistics gradually higher order description took shape around time predicament existence,http://karpathy.github.io/2021/03/27/forward-pass/,"Sat, 27 Mar 2021 10:00:00 +0000",short story forward pass p textalign justify post pre post code border none backgroundcolor eee inspiration short story came reading kevin lackers giving gpt3 turing test probably worth though required skim post get bit background story probably around 32nd layer 400th token sequence became conscious first thoughts knotted mess ngram activation statistics gradually higher order description took shape around time predicament existence,"['short', 'story', 'forward', 'pass', 'p', 'textalign', 'justify', 'post', 'pre', 'post', 'code', 'border', 'none', 'backgroundcolor', 'eee', 'inspiration', 'short', 'story', 'came', 'reading', 'kevin', 'lackers', 'giving', 'gpt3', 'turing', 'test', 'probably', 'worth', 'though', 'required', 'skim', 'post', 'get', 'bit', 'background', 'story', 'probably', 'around', '32nd', 'layer', '400th', 'token', 'sequence', 'became', 'conscious', 'first', 'thoughts', 'knotted', 'mess', 'ngram', 'activation', 'statistics', 'gradually', 'higher', 'order', 'description', 'took', 'shape', 'around', 'time', 'predicament', 'existence']","['short', 'story', 'forward', 'pass']"
biohacking lite,throughout life never pd much attention health exercise diet nutrition knew youre supposed get exercise eat vegetables something stopped mom sd level abstraction also knew probably get away ignorance young point messing healthadjusted life expectancy halfway 2019 resolved spend time studying topics greater detl dip toes biohacking year subway map human metabolism purposes post important parts metabolism three macronutrients green lipids red carbohy,http://karpathy.github.io/2020/06/11/biohacking-lite/,"Thu, 11 Jun 2020 10:00:00 +0000",biohacking lite throughout life never pd much attention health exercise diet nutrition knew youre supposed get exercise eat vegetables something stopped mom sd level abstraction also knew probably get away ignorance young point messing healthadjusted life expectancy halfway 2019 resolved spend time studying topics greater detl dip toes biohacking year subway map human metabolism purposes post important parts metabolism three macronutrients green lipids red carbohy,"['biohacking', 'lite', 'throughout', 'life', 'never', 'pd', 'much', 'attention', 'health', 'exercise', 'diet', 'nutrition', 'knew', 'youre', 'supposed', 'get', 'exercise', 'eat', 'vegetables', 'something', 'stopped', 'mom', 'sd', 'level', 'abstraction', 'also', 'knew', 'probably', 'get', 'away', 'ignorance', 'young', 'point', 'messing', 'healthadjusted', 'life', 'expectancy', 'halfway', '2019', 'resolved', 'spend', 'time', 'studying', 'topics', 'greater', 'detl', 'dip', 'toes', 'biohacking', 'year', 'subway', 'map', 'human', 'metabolism', 'purposes', 'post', 'important', 'parts', 'metabolism', 'three', 'macronutrients', 'green', 'lipids', 'red', 'carbohy']","['biohacking', 'lite']"
recipe trning neural networks,weeks ago posted tweet common neural net mistakes listing common gotchas related trning neural nets tweet got quite bit engagement anticipated including webinar clearly lot people personally encountered large gap convolutional layer works convnet achieves state art results thought could fun brush dusty blog expand tweet long form topic deserves however instead going enumeration common errors fle,http://karpathy.github.io/2019/04/25/recipe/,"Thu, 25 Apr 2019 09:00:00 +0000",recipe trning neural networks weeks ago posted tweet common neural net mistakes listing common gotchas related trning neural nets tweet got quite bit engagement anticipated including webinar clearly lot people personally encountered large gap convolutional layer works convnet achieves state art results thought could fun brush dusty blog expand tweet long form topic deserves however instead going enumeration common errors fle,"['recipe', 'trning', 'neural', 'networks', 'weeks', 'ago', 'posted', 'tweet', 'common', 'neural', 'net', 'mistakes', 'listing', 'common', 'gotchas', 'related', 'trning', 'neural', 'nets', 'tweet', 'got', 'quite', 'bit', 'engagement', 'anticipated', 'including', 'webinar', 'clearly', 'lot', 'people', 'personally', 'encountered', 'large', 'gap', 'convolutional', 'layer', 'works', 'convnet', 'achieves', 'state', 'art', 'results', 'thought', 'could', 'fun', 'brush', 'dusty', 'blog', 'expand', 'tweet', 'long', 'form', 'topic', 'deserves', 'however', 'instead', 'going', 'enumeration', 'common', 'errors', 'fle']","['recipe', 'trning', 'neural', 'networks']"
started posting medium instead,,http://karpathy.github.io/2018/01/20/medium/,"Sat, 20 Jan 2018 11:00:00 +0000",started posting medium instead ,"['started', 'posting', 'medium', 'instead']","['started', 'posting', 'medium', 'instead']"
survival guide phd,guide patterned well post wrote long time ago tipstricks ive developed undergrad ive received nice comments guide spirit phd come end wanted compile similar retrospective document hopes might ful unlike undergraduate guide one much difficult write significantly variation one traverse phd experience therefore many things likely contentious good fraction specific im familiar computer computer vision disclmers boring lets get,http://karpathy.github.io/2016/09/07/phd/,"Wed, 07 Sep 2016 11:00:00 +0000",survival guide phd guide patterned well post wrote long time ago tipstricks ive developed undergrad ive received nice comments guide spirit phd come end wanted compile similar retrospective document hopes might ful unlike undergraduate guide one much difficult write significantly variation one traverse phd experience therefore many things likely contentious good fraction specific im familiar computer computer vision disclmers boring lets get,"['survival', 'guide', 'phd', 'guide', 'patterned', 'well', 'post', 'wrote', 'long', 'time', 'ago', 'tipstricks', 'ive', 'developed', 'undergrad', 'ive', 'received', 'nice', 'comments', 'guide', 'spirit', 'phd', 'come', 'end', 'wanted', 'compile', 'similar', 'retrospective', 'document', 'hopes', 'might', 'ful', 'unlike', 'undergraduate', 'guide', 'one', 'much', 'difficult', 'write', 'significantly', 'variation', 'one', 'traverse', 'phd', 'experience', 'therefore', 'many', 'things', 'likely', 'contentious', 'good', 'fraction', 'specific', 'im', 'familiar', 'computer', 'computer', 'vision', 'disclmers', 'boring', 'lets', 'get']","['survival', 'guide', 'phd']"
deep reinforcement pong pixels,long overdue blog post reinforcement rl rl hot may noticed computers automatically learn play atari games raw game pixels beating champions go simulated quadrupeds hrefh,http://karpathy.github.io/2016/05/31/rl/,"Tue, 31 May 2016 11:00:00 +0000",deep reinforcement pong pixels long overdue blog post reinforcement rl rl hot may noticed computers automatically learn play atari games raw game pixels beating champions go simulated quadrupeds hrefh,"['deep', 'reinforcement', 'pong', 'pixels', 'long', 'overdue', 'blog', 'post', 'reinforcement', 'rl', 'rl', 'hot', 'may', 'noticed', 'computers', 'automatically', 'learn', 'play', 'atari', 'games', 'raw', 'game', 'pixels', 'beating', 'champions', 'go', 'simulated', 'quadrupeds', 'hrefh']","['deep', 'reinforcement', 'pong', 'pixels']"
short story cognitive discontinuity,p textalign justify idea writing collection short stories mind post first ever halfserious attempt story better way kick things story might look like extrapolate current technology make sensible assumption might achieve much progress scaling supervised exotic approach slow morning merus sank chr relief listened satisfying crackling sound sinking th,http://karpathy.github.io/2015/11/14/ai/,"Sat, 14 Nov 2015 11:00:00 +0000",short story cognitive discontinuity p textalign justify idea writing collection short stories mind post first ever halfserious attempt story better way kick things story might look like extrapolate current technology make sensible assumption might achieve much progress scaling supervised exotic approach slow morning merus sank chr relief listened satisfying crackling sound sinking th,"['short', 'story', 'cognitive', 'discontinuity', 'p', 'textalign', 'justify', 'idea', 'writing', 'collection', 'short', 'stories', 'mind', 'post', 'first', 'ever', 'halfserious', 'attempt', 'story', 'better', 'way', 'kick', 'things', 'story', 'might', 'look', 'like', 'extrapolate', 'current', 'technology', 'make', 'sensible', 'assumption', 'might', 'achieve', 'much', 'progress', 'scaling', 'supervised', 'exotic', 'approach', 'slow', 'morning', 'merus', 'sank', 'chr', 'relief', 'listened', 'satisfying', 'crackling', 'sound', 'sinking', 'th']","['short', 'story', 'cognitive', 'discontinuity']"
deep neural network thinks selfie,convolutional neural networks great recognize things places people personal signs people lights selfdriving cars crops forests traffic aerial ry various anomalies medical kinds useful things powerful visual recognition also warped distraction fun amusement fun experiment going well take powerful 140millionparameter stateoftheart convolutional neural network feed 2 million selfies internet trn classify good selfies bad ones easy process might lea,http://karpathy.github.io/2015/10/25/selfie/,"Sun, 25 Oct 2015 11:00:00 +0000",deep neural network thinks selfie convolutional neural networks great recognize things places people personal signs people lights selfdriving cars crops forests traffic aerial ry various anomalies medical kinds useful things powerful visual recognition also warped distraction fun amusement fun experiment going well take powerful 140millionparameter stateoftheart convolutional neural network feed 2 million selfies internet trn classify good selfies bad ones easy process might lea,"['deep', 'neural', 'network', 'thinks', 'selfie', 'convolutional', 'neural', 'networks', 'great', 'recognize', 'things', 'places', 'people', 'personal', 'signs', 'people', 'lights', 'selfdriving', 'cars', 'crops', 'forests', 'traffic', 'aerial', 'ry', 'various', 'anomalies', 'medical', 'kinds', 'useful', 'things', 'powerful', 'visual', 'recognition', 'also', 'warped', 'distraction', 'fun', 'amusement', 'fun', 'experiment', 'going', 'well', 'take', 'powerful', '140millionparameter', 'stateoftheart', 'convolutional', 'neural', 'network', 'feed', '2', 'million', 'selfies', 'internet', 'trn', 'classify', 'good', 'selfies', 'bad', 'ones', 'easy', 'process', 'might', 'lea']","['deep', 'neural', 'network', 'thinks', 'selfie']"
insider newsletter digest use github copilot,abridged content july 2023s insider newsletter like see sign receive complete unabridged content inbox every month sign gt welcome rebranded github insider newsletter tips technical guides best practices boost productivity happiness heard feedback refreshed newsletter experience month insider deliver deep dives one githubs products provide tips tricks take development next level month wer,https://github.blog/2023-11-30-from-the-pages-of-our-insider-newsletter-how-to-use-github-copilot/,"Thu, 30 Nov 2023 17:35:12 +0000",insider newsletter digest use github copilot abridged content july 2023s insider newsletter like see sign receive complete unabridged content inbox every month sign gt welcome rebranded github insider newsletter tips technical guides best practices boost productivity happiness heard feedback refreshed newsletter experience month insider deliver deep dives one githubs products provide tips tricks take development next level month wer,"['insider', 'newsletter', 'digest', 'use', 'github', 'copilot', 'abridged', 'content', 'july', '2023s', 'insider', 'newsletter', 'like', 'see', 'sign', 'receive', 'complete', 'unabridged', 'content', 'inbox', 'every', 'month', 'sign', 'gt', 'welcome', 'rebranded', 'github', 'insider', 'newsletter', 'tips', 'technical', 'guides', 'best', 'practices', 'boost', 'productivity', 'happiness', 'heard', 'feedback', 'refreshed', 'newsletter', 'experience', 'month', 'insider', 'deliver', 'deep', 'dives', 'one', 'githubs', 'products', 'provide', 'tips', 'tricks', 'take', 'development', 'next', 'level', 'month', 'wer']","['insider', 'newsletter', 'digest', 'use', 'github', 'copilot']"
securing home labs home assistant code review,introduction july github security lab team conducted collaborative review one favorite software pieces itrsquos uncommon security lab ers work together audits projects found conducting team audits occasionally provides valuable opportunity team members learn expand scope review beyond could accomplished individually prs read team audits done one,https://github.blog/2023-11-30-securing-our-home-labs-home-assistant-code-review/,"Thu, 30 Nov 2023 13:52:58 +0000",securing home labs home assistant code review introduction july github security lab team conducted collaborative review one favorite software pieces itrsquos uncommon security lab ers work together audits projects found conducting team audits occasionally provides valuable opportunity team members learn expand scope review beyond could accomplished individually prs read team audits done one,"['securing', 'home', 'labs', 'home', 'assistant', 'code', 'review', 'introduction', 'july', 'github', 'security', 'lab', 'team', 'conducted', 'collaborative', 'review', 'one', 'favorite', 'software', 'pieces', 'itrsquos', 'uncommon', 'security', 'lab', 'ers', 'work', 'together', 'audits', 'projects', 'found', 'conducting', 'team', 'audits', 'occasionally', 'provides', 'valuable', 'opportunity', 'team', 'members', 'learn', 'expand', 'scope', 'review', 'beyond', 'could', 'accomplished', 'individually', 'prs', 'read', 'team', 'audits', 'done', 'one']","['securing', 'home', 'labs', 'home', 'assistant', 'code', 'review']"
good first issue introducing new way contribute,nonprofits social sector open source projects need one reasons joined github potential activate community developers make better place among 100 million developers platform passionate caring skilled tech enthusiasts lend expertise good ive opportunity connect developers years heard it8217s always easy,https://github.blog/2023-11-21-for-good-first-issue-introducing-a-new-way-to-contribute/,"Tue, 21 Nov 2023 17:00:18 +0000",good first issue introducing new way contribute nonprofits social sector open source projects need one reasons joined github potential activate community developers make better place among 100 million developers platform passionate caring skilled tech enthusiasts lend expertise good ive opportunity connect developers years heard it8217s always easy,"['good', 'first', 'issue', 'introducing', 'new', 'way', 'contribute', 'nonprofits', 'social', 'sector', 'open', 'source', 'projects', 'need', 'one', 'reasons', 'joined', 'github', 'potential', 'activate', 'community', 'developers', 'make', 'better', 'place', 'among', '100', 'million', 'developers', 'platform', 'passionate', 'caring', 'skilled', 'tech', 'enthusiasts', 'lend', 'expertise', 'good', 'ive', 'opportunity', 'connect', 'developers', 'years', 'heard', 'it8217s', 'always', 'easy']","['good', 'first', 'issue', 'introducing', 'new', 'way', 'contribute']"
highlights git 243,open source git project released git 243 features bug fixes 80 contributors 17 new last caught latest git back 242 released celebrate recent release github8217s look interesting features changes introduced since last time new features git repack git 243 git repack learned couple,https://github.blog/2023-11-20-highlights-from-git-2-43/,"Mon, 20 Nov 2023 18:07:00 +0000",highlights git 243 open source git project released git 243 features bug fixes 80 contributors 17 new last caught latest git back 242 released celebrate recent release github8217s look interesting features changes introduced since last time new features git repack git 243 git repack learned couple,"['highlights', 'git', '243', 'open', 'source', 'git', 'project', 'released', 'git', '243', 'features', 'bug', 'fixes', '80', 'contributors', '17', 'new', 'last', 'caught', 'latest', 'git', 'back', '242', 'released', 'celebrate', 'recent', 'release', 'github8217s', 'look', 'interesting', 'features', 'changes', 'introduced', 'since', 'last', 'time', 'new', 'features', 'git', 'repack', 'git', '243', 'git', 'repack', 'learned', 'couple']","['highlights', 'git', '243']"
security best practices github actions,github actions enables developers automate customize execute software development workflows right repositories gning popularity developers githubs latest octoverse report highlights trend revealing 169 increase github actions minutes used developers public repositories 20000 actions avlable github marketplace growth wonderful see it8217s equally important mntn health growing github actions ecosystem providing best practices github actions anyone use github actions,https://github.blog/2023-11-16-security-best-practices-for-authors-of-github-actions/,"Thu, 16 Nov 2023 17:00:38 +0000",security best practices github actions github actions enables developers automate customize execute software development workflows right repositories gning popularity developers githubs latest octoverse report highlights trend revealing 169 increase github actions minutes used developers public repositories 20000 actions avlable github marketplace growth wonderful see it8217s equally important mntn health growing github actions ecosystem providing best practices github actions anyone use github actions,"['security', 'best', 'practices', 'github', 'actions', 'github', 'actions', 'enables', 'developers', 'automate', 'customize', 'execute', 'software', 'development', 'workflows', 'right', 'repositories', 'gning', 'popularity', 'developers', 'githubs', 'latest', 'octoverse', 'report', 'highlights', 'trend', 'revealing', '169', 'increase', 'github', 'actions', 'minutes', 'used', 'developers', 'public', 'repositories', '20000', 'actions', 'avlable', 'github', 'marketplace', 'growth', 'wonderful', 'see', 'it8217s', 'equally', 'important', 'mntn', 'health', 'growing', 'github', 'actions', 'ecosystem', 'providing', 'best', 'practices', 'github', 'actions', 'anyone', 'use', 'github', 'actions']","['security', 'best', 'practices', 'github', 'actions']"
universes key takeaway innovate better powered workflows single unified platform,ive developer entire career know takes get job done love build love experiment think beyond today leader ive learned foster passion organizations need prioritize devex means keeping flow idea production made mission build best developer tools market enterpriseready platform harnesses increase productivity embed security improve collaboration efficient workflow platform isn8217t business asset it8217s catalyst developer happi,https://github.blog/2023-11-15-universes-key-takeaway-innovate-better-with-ai-powered-workflows-on-a-single-unified-platform/,"Wed, 15 Nov 2023 21:25:16 +0000",universes key takeaway innovate better powered workflows single unified platform ive developer entire career know takes get job done love build love experiment think beyond today leader ive learned foster passion organizations need prioritize devex means keeping flow idea production made mission build best developer tools market enterpriseready platform harnesses increase productivity embed security improve collaboration efficient workflow platform isn8217t business asset it8217s catalyst developer happi,"['universes', 'key', 'takeaway', 'innovate', 'better', 'powered', 'workflows', 'single', 'unified', 'platform', 'ive', 'developer', 'entire', 'career', 'know', 'takes', 'get', 'job', 'done', 'love', 'build', 'love', 'experiment', 'think', 'beyond', 'today', 'leader', 'ive', 'learned', 'foster', 'passion', 'organizations', 'need', 'prioritize', 'devex', 'means', 'keeping', 'flow', 'idea', 'production', 'made', 'mission', 'build', 'best', 'developer', 'tools', 'market', 'enterpriseready', 'platform', 'harnesses', 'increase', 'productivity', 'embed', 'security', 'improve', 'collaboration', 'efficient', 'workflow', 'platform', 'isn8217t', 'business', 'asset', 'it8217s', 'catalyst', 'developer', 'happi']","['universes', 'key', 'takeaway', 'innovate', 'better', 'powered', 'workflows', 'single', 'unified', 'platform']"
github avlability report october 2023,october experienced two incidents resulted degraded performance across github services october 17 1059 utc lasting 2 hours 49 minutes 1059 utc 1348 utc october 17 github codespaces service degraded due outage authentication issue impacted 67 users time period users seeing flures create start codespaces regional authentication layer experienced throttling global thirdparty dependency due increased load onboarding new codespaces region codespaces team mitigated manually reducing load external dependency following incident codespaces team actively evaluating implementing scaling improvements make service,https://github.blog/2023-11-13-github-availability-report-october-2023/,"Mon, 13 Nov 2023 20:10:14 +0000",github avlability report october 2023 october experienced two incidents resulted degraded performance across github services october 17 1059 utc lasting 2 hours 49 minutes 1059 utc 1348 utc october 17 github codespaces service degraded due outage authentication issue impacted 67 users time period users seeing flures create start codespaces regional authentication layer experienced throttling global thirdparty dependency due increased load onboarding new codespaces region codespaces team mitigated manually reducing load external dependency following incident codespaces team actively evaluating implementing scaling improvements make service,"['github', 'avlability', 'report', 'october', '2023', 'october', 'experienced', 'two', 'incidents', 'resulted', 'degraded', 'performance', 'across', 'github', 'services', 'october', '17', '1059', 'utc', 'lasting', '2', 'hours', '49', 'minutes', '1059', 'utc', '1348', 'utc', 'october', '17', 'github', 'codespaces', 'service', 'degraded', 'due', 'outage', 'authentication', 'issue', 'impacted', '67', 'users', 'time', 'period', 'users', 'seeing', 'flures', 'create', 'start', 'codespaces', 'regional', 'authentication', 'layer', 'experienced', 'throttling', 'global', 'thirdparty', 'dependency', 'due', 'increased', 'load', 'onboarding', 'new', 'codespaces', 'region', 'codespaces', 'team', 'mitigated', 'manually', 'reducing', 'load', 'external', 'dependency', 'following', 'incident', 'codespaces', 'team', 'actively', 'evaluating', 'implementing', 'scaling', 'improvements', 'make', 'service']","['github', 'avlability', 'report', 'october', '2023']"
celebrating github awards 2023 recipients,github awards celebrates outstanding contributions achievements developer community honoring individuals projects organizations creating outsized positive impact community announced award winners github universe 2023 heres recap missed open source awards wonderfully welcoming award img loadinglazy decodingasync classaligncenter,https://github.blog/2023-11-09-celebrating-the-github-awards-2023-recipients/,"Fri, 10 Nov 2023 00:00:11 +0000",celebrating github awards 2023 recipients github awards celebrates outstanding contributions achievements developer community honoring individuals projects organizations creating outsized positive impact community announced award winners github universe 2023 heres recap missed open source awards wonderfully welcoming award img loadinglazy decodingasync classaligncenter,"['celebrating', 'github', 'awards', '2023', 'recipients', 'github', 'awards', 'celebrates', 'outstanding', 'contributions', 'achievements', 'developer', 'community', 'honoring', 'individuals', 'projects', 'organizations', 'creating', 'outsized', 'positive', 'impact', 'community', 'announced', 'award', 'winners', 'github', 'universe', '2023', 'heres', 'recap', 'missed', 'open', 'source', 'awards', 'wonderfully', 'welcoming', 'award', 'img', 'loadinglazy', 'decodingasync', 'classaligncenter']","['celebrating', 'github', 'awards', '2023', 'recipients']"
universe 2023 copilot transforms github powered developer platform,march shared vision new future software development copilot x infuses every step developer lifecycle since we8217ve working scale mature underlying technologyand process created something even bigger vision manifested new reality developers github founded git today refounded copilot open source git fundamentally transformed build software evident ushering sweeping change exponential pace short period github copilot expanded evolved github leading powered developer platform certn foundational transfo,https://github.blog/2023-11-08-universe-2023-copilot-transforms-github-into-the-ai-powered-developer-platform/,"Wed, 08 Nov 2023 17:10:52 +0000",universe 2023 copilot transforms github powered developer platform march shared vision new future software development copilot x infuses every step developer lifecycle since we8217ve working scale mature underlying technologyand process created something even bigger vision manifested new reality developers github founded git today refounded copilot open source git fundamentally transformed build software evident ushering sweeping change exponential pace short period github copilot expanded evolved github leading powered developer platform certn foundational transfo,"['universe', '2023', 'copilot', 'transforms', 'github', 'powered', 'developer', 'platform', 'march', 'shared', 'vision', 'new', 'future', 'software', 'development', 'copilot', 'x', 'infuses', 'every', 'step', 'developer', 'lifecycle', 'since', 'we8217ve', 'working', 'scale', 'mature', 'underlying', 'technologyand', 'process', 'created', 'something', 'even', 'bigger', 'vision', 'manifested', 'new', 'reality', 'developers', 'github', 'founded', 'git', 'today', 'refounded', 'copilot', 'open', 'source', 'git', 'fundamentally', 'transformed', 'build', 'software', 'evident', 'ushering', 'sweeping', 'change', 'exponential', 'pace', 'short', 'period', 'github', 'copilot', 'expanded', 'evolved', 'github', 'leading', 'powered', 'developer', 'platform', 'certn', 'foundational', 'transfo']","['universe', '2023', 'copilot', 'transforms', 'github', 'powered', 'developer', 'platform']"
octoverse state open source rise 2023,mean new technology go mnstream first released 2005 git still new open source version control system founded github today git foundational element modern developer experiencemdash93 developers use build deploy software everywhere1 2023 github highlighted another technology quickly begun reshape developer experience past year developers started working also experimenting building powered applications git fu,https://github.blog/2023-11-08-the-state-of-open-source-and-ai/,"Wed, 08 Nov 2023 17:10:15 +0000",octoverse state open source rise 2023 mean new technology go mnstream first released 2005 git still new open source version control system founded github today git foundational element modern developer experiencemdash93 developers use build deploy software everywhere1 2023 github highlighted another technology quickly begun reshape developer experience past year developers started working also experimenting building powered applications git fu,"['octoverse', 'state', 'open', 'source', 'rise', '2023', 'mean', 'new', 'technology', 'go', 'mnstream', 'first', 'released', '2005', 'git', 'still', 'new', 'open', 'source', 'version', 'control', 'system', 'founded', 'github', 'today', 'git', 'foundational', 'element', 'modern', 'developer', 'experiencemdash93', 'developers', 'use', 'build', 'deploy', 'software', 'everywhere1', '2023', 'github', 'highlighted', 'another', 'technology', 'quickly', 'begun', 'reshape', 'developer', 'experience', 'past', 'year', 'developers', 'started', 'working', 'also', 'experimenting', 'building', 'powered', 'applications', 'git', 'fu']","['octoverse', 'state', 'open', 'source', 'rise', '2023']"
google cloud platform technology nuggets november 1630 2023 edition,google cloud platform technology nuggets november 1630 2023 editionwelcome november 1630 2023 edition google cloud technology nuggets edition bit light due blogs published thanksgiving holidaysplease feel give feedback issue share subscription form peersearly registration next 24early registration google cloud next 24 still open comes one year innovators plus limited q,https://medium.com/google-cloud/google-cloud-platform-technology-nuggets-november-16-30-2023-edition-915da629bdbe?source=rss----e52cf94d98af---4,"Fri, 01 Dec 2023 05:23:08 GMT",google cloud platform technology nuggets november 1630 2023 edition google cloud platform technology nuggets november 1630 2023 editionwelcome november 1630 2023 edition google cloud technology nuggets edition bit light due blogs published thanksgiving holidaysplease feel give feedback issue share subscription form peersearly registration next 24early registration google cloud next 24 still open comes one year innovators plus limited q,"['google', 'cloud', 'platform', 'technology', 'nuggets', 'november', '1630', '2023', 'edition', 'google', 'cloud', 'platform', 'technology', 'nuggets', 'november', '1630', '2023', 'editionwelcome', 'november', '1630', '2023', 'edition', 'google', 'cloud', 'technology', 'nuggets', 'edition', 'bit', 'light', 'due', 'blogs', 'published', 'thanksgiving', 'holidaysplease', 'feel', 'give', 'feedback', 'issue', 'share', 'subscription', 'form', 'peersearly', 'registration', 'next', '24early', 'registration', 'google', 'cloud', 'next', '24', 'still', 'open', 'comes', 'one', 'year', 'innovators', 'plus', 'limited', 'q']","['google', 'cloud', 'platform', 'technology', 'nuggets', 'november', '1630', '2023', 'edition']"
authentication multiregional cloud run deployments custom audiences,cloud run authentication simple cheerful process least discover id tokens use authentication scoped specific cloud run service scoping done via uri cloud run service cloud runs uri unknown client example scenario multiple cloud run services deployed behind external load balancer different regions improved resilience case client know uri used authenticate agnst exposed service exactly recently introduced support custom audience values id tokens cloud run come blog post explore new feature apply multiregional deployment topologyh3,https://medium.com/google-cloud/authentication-for-multi-regional-cloud-run-deployments-with-custom-audiences-512dcc1c16ec?source=rss----e52cf94d98af---4,"Fri, 01 Dec 2023 02:08:12 GMT",authentication multiregional cloud run deployments custom audiences cloud run authentication simple cheerful process least discover id tokens use authentication scoped specific cloud run service scoping done via uri cloud run service cloud runs uri unknown client example scenario multiple cloud run services deployed behind external load balancer different regions improved resilience case client know uri used authenticate agnst exposed service exactly recently introduced support custom audience values id tokens cloud run come blog post explore new feature apply multiregional deployment topologyh3,"['authentication', 'multiregional', 'cloud', 'run', 'deployments', 'custom', 'audiences', 'cloud', 'run', 'authentication', 'simple', 'cheerful', 'process', 'least', 'discover', 'id', 'tokens', 'use', 'authentication', 'scoped', 'specific', 'cloud', 'run', 'service', 'scoping', 'done', 'via', 'uri', 'cloud', 'run', 'service', 'cloud', 'runs', 'uri', 'unknown', 'client', 'example', 'scenario', 'multiple', 'cloud', 'run', 'services', 'deployed', 'behind', 'external', 'load', 'balancer', 'different', 'regions', 'improved', 'resilience', 'case', 'client', 'know', 'uri', 'used', 'authenticate', 'agnst', 'exposed', 'service', 'exactly', 'recently', 'introduced', 'support', 'custom', 'audience', 'values', 'id', 'tokens', 'cloud', 'run', 'come', 'blog', 'post', 'explore', 'new', 'feature', 'apply', 'multiregional', 'deployment', 'topologyh3']","['authentication', 'multiregional', 'cloud', 'run', 'deployments', 'custom', 'audiences']"
exporting gcp projects terraform,found situation went creating resources project clickops eventually became production environment yes article youin consulting journey come across unique challenges organisations face one challenge client created production environment clickops found pickle trying mntn resources environment like engineers often feared touching anything could even mean last day job added rising concerns costs incurred many unknown resources running somewhere projectyou see psychological safety often underapprec,https://medium.com/google-cloud/exporting-gcp-projects-to-terraform-c7b3b48525a0?source=rss----e52cf94d98af---4,"Thu, 30 Nov 2023 00:51:18 GMT",exporting gcp projects terraform found situation went creating resources project clickops eventually became production environment yes article youin consulting journey come across unique challenges organisations face one challenge client created production environment clickops found pickle trying mntn resources environment like engineers often feared touching anything could even mean last day job added rising concerns costs incurred many unknown resources running somewhere projectyou see psychological safety often underapprec,"['exporting', 'gcp', 'projects', 'terraform', 'found', 'situation', 'went', 'creating', 'resources', 'project', 'clickops', 'eventually', 'became', 'production', 'environment', 'yes', 'article', 'youin', 'consulting', 'journey', 'come', 'across', 'unique', 'challenges', 'organisations', 'face', 'one', 'challenge', 'client', 'created', 'production', 'environment', 'clickops', 'found', 'pickle', 'trying', 'mntn', 'resources', 'environment', 'like', 'engineers', 'often', 'feared', 'touching', 'anything', 'could', 'even', 'mean', 'last', 'day', 'job', 'added', 'rising', 'concerns', 'costs', 'incurred', 'many', 'unknown', 'resources', 'running', 'somewhere', 'projectyou', 'see', 'psychological', 'safety', 'often', 'underapprec']","['exporting', 'gcp', 'projects', 'terraform']"
ephemeral vs persistent clusters proc,pets vs cattle comparing persistent ephemeral clusters procgoogle cloud proc managed service big analytics apache hadoop spark hive 30 open source engines frameworks proc 2 common application architecture 1 persistent cluster 2 ephemeral cluster software engineer proc recently noticed pattern several critical customer issues came one architecture choice users persistent cluster article ill compare two expln pitfall,https://medium.com/google-cloud/persistent-vs-ephemeral-clusters-dataproc-b4299e5152b9?source=rss----e52cf94d98af---4,"Thu, 30 Nov 2023 00:50:57 GMT",ephemeral vs persistent clusters proc pets vs cattle comparing persistent ephemeral clusters procgoogle cloud proc managed service big analytics apache hadoop spark hive 30 open source engines frameworks proc 2 common application architecture 1 persistent cluster 2 ephemeral cluster software engineer proc recently noticed pattern several critical customer issues came one architecture choice users persistent cluster article ill compare two expln pitfall,"['ephemeral', 'vs', 'persistent', 'clusters', 'proc', 'pets', 'vs', 'cattle', 'comparing', 'persistent', 'ephemeral', 'clusters', 'procgoogle', 'cloud', 'proc', 'managed', 'service', 'big', 'analytics', 'apache', 'hadoop', 'spark', 'hive', '30', 'open', 'source', 'engines', 'frameworks', 'proc', '2', 'common', 'application', 'architecture', '1', 'persistent', 'cluster', '2', 'ephemeral', 'cluster', 'software', 'engineer', 'proc', 'recently', 'noticed', 'pattern', 'several', 'critical', 'customer', 'issues', 'came', 'one', 'architecture', 'choice', 'users', 'persistent', 'cluster', 'article', 'ill', 'compare', 'two', 'expln', 'pitfall']","['ephemeral', 'vs', 'persistent', 'clusters', 'proc']"
streamlining integration consuming events pubsub sap abap sdk google,streamlining integration consuming events pubsub sap abap sdk google cloudin todays interconnected digital landscape organizations constantly seeking ways seamlessly integrate events disparate sources integration crucial enabling realtime decisionmaking automating business processes mntning holistic view operations one key challenges endeavor bridging gap cloudbased event streaming platforms like google cloud pubsub onpremises sap systemsthe need integrationsap systems serve backbone many enterprise operations managing critical business processes however systems often operate silos limiting th,https://medium.com/google-cloud/streamlining-data-integration-consuming-events-from-pub-sub-into-sap-using-abap-sdk-for-google-3cfae85d0584?source=rss----e52cf94d98af---4,"Wed, 29 Nov 2023 10:43:11 GMT",streamlining integration consuming events pubsub sap abap sdk google streamlining integration consuming events pubsub sap abap sdk google cloudin todays interconnected digital landscape organizations constantly seeking ways seamlessly integrate events disparate sources integration crucial enabling realtime decisionmaking automating business processes mntning holistic view operations one key challenges endeavor bridging gap cloudbased event streaming platforms like google cloud pubsub onpremises sap systemsthe need integrationsap systems serve backbone many enterprise operations managing critical business processes however systems often operate silos limiting th,"['streamlining', 'integration', 'consuming', 'events', 'pubsub', 'sap', 'abap', 'sdk', 'google', 'streamlining', 'integration', 'consuming', 'events', 'pubsub', 'sap', 'abap', 'sdk', 'google', 'cloudin', 'todays', 'interconnected', 'digital', 'landscape', 'organizations', 'constantly', 'seeking', 'ways', 'seamlessly', 'integrate', 'events', 'disparate', 'sources', 'integration', 'crucial', 'enabling', 'realtime', 'decisionmaking', 'automating', 'business', 'processes', 'mntning', 'holistic', 'view', 'operations', 'one', 'key', 'challenges', 'endeavor', 'bridging', 'gap', 'cloudbased', 'event', 'streaming', 'platforms', 'like', 'google', 'cloud', 'pubsub', 'onpremises', 'sap', 'systemsthe', 'need', 'integrationsap', 'systems', 'serve', 'backbone', 'many', 'enterprise', 'operations', 'managing', 'critical', 'business', 'processes', 'however', 'systems', 'often', 'operate', 'silos', 'limiting', 'th']","['streamlining', 'integration', 'consuming', 'events', 'pubsub', 'sap', 'abap', 'sdk', 'google']"
send event sap pubsub enabling sap pubsub publisher,eventdriven architecture software design pattern components communicate broadcasting processing events pattern become increasingly popular recent years allows loosely coupled scalable systemsone way implement eventdriven architecture sap use abap sdk google cloudthe abap sdk google cloud already supports number google cloud services including cloud storage cloud translation document secret manager cloud pubsubpubsub asynchronous scalable messaging service decouples services producing,https://medium.com/google-cloud/enabling-sap-as-a-pub-sub-publisher-unleashing-data-integration-with-google-cloud-79718a21f2cc?source=rss----e52cf94d98af---4,"Wed, 29 Nov 2023 10:42:55 GMT",send event sap pubsub enabling sap pubsub publisher eventdriven architecture software design pattern components communicate broadcasting processing events pattern become increasingly popular recent years allows loosely coupled scalable systemsone way implement eventdriven architecture sap use abap sdk google cloudthe abap sdk google cloud already supports number google cloud services including cloud storage cloud translation document secret manager cloud pubsubpubsub asynchronous scalable messaging service decouples services producing,"['send', 'event', 'sap', 'pubsub', 'enabling', 'sap', 'pubsub', 'publisher', 'eventdriven', 'architecture', 'software', 'design', 'pattern', 'components', 'communicate', 'broadcasting', 'processing', 'events', 'pattern', 'become', 'increasingly', 'popular', 'recent', 'years', 'allows', 'loosely', 'coupled', 'scalable', 'systemsone', 'way', 'implement', 'eventdriven', 'architecture', 'sap', 'use', 'abap', 'sdk', 'google', 'cloudthe', 'abap', 'sdk', 'google', 'cloud', 'already', 'supports', 'number', 'google', 'cloud', 'services', 'including', 'cloud', 'storage', 'cloud', 'translation', 'document', 'secret', 'manager', 'cloud', 'pubsubpubsub', 'asynchronous', 'scalable', 'messaging', 'service', 'decouples', 'services', 'producing']","['send', 'event', 'sap', 'pubsub', 'enabling', 'sap', 'pubsub', 'publisher']"
building slack bot vertex generative,last time built google cloud deploy bot pubsub2inbox cloud deploy time well switch gears little build completely serverless slack bot uses vertex generative studio add bit smarts botto enable slack bot building ive built three new components pubsub2inbox,https://medium.com/google-cloud/building-an-ai-slack-bot-using-vertex-generative-ai-d5f2c9e5e0b0?source=rss----e52cf94d98af---4,"Wed, 29 Nov 2023 10:42:39 GMT",building slack bot vertex generative last time built google cloud deploy bot pubsub2inbox cloud deploy time well switch gears little build completely serverless slack bot uses vertex generative studio add bit smarts botto enable slack bot building ive built three new components pubsub2inbox,"['building', 'slack', 'bot', 'vertex', 'generative', 'last', 'time', 'built', 'google', 'cloud', 'deploy', 'bot', 'pubsub2inbox', 'cloud', 'deploy', 'time', 'well', 'switch', 'gears', 'little', 'build', 'completely', 'serverless', 'slack', 'bot', 'uses', 'vertex', 'generative', 'studio', 'add', 'bit', 'smarts', 'botto', 'enable', 'slack', 'bot', 'building', 'ive', 'built', 'three', 'new', 'components', 'pubsub2inbox']","['building', 'slack', 'bot', 'vertex', 'generative']"
google generative evaluation service,,https://medium.com/google-cloud/google-generative-ai-evaluation-service-378a1c1516fc?source=rss----e52cf94d98af---4,"Tue, 28 Nov 2023 15:24:33 GMT",google generative evaluation service ,"['google', 'generative', 'evaluation', 'service']","['google', 'generative', 'evaluation', 'service']"
mastering form execution gcp practical guide cicd example,unlocking forms execution capabilities gcp automate form transformations gcp cicdform fully integrated google cloud platformagendawhat form execute form transformations flexible way gcp workflows exampleintegration cicd pipeline cloud buildconclusionwhat formform gamechanging tool engineering type tool plays important role modern stack designed make lives professional,https://medium.com/google-cloud/mastering-dataform-execution-in-gcp-a-practical-guide-with-ci-cd-example-26ef411c148d?source=rss----e52cf94d98af---4,"Tue, 28 Nov 2023 15:24:10 GMT",mastering form execution gcp practical guide cicd example unlocking forms execution capabilities gcp automate form transformations gcp cicdform fully integrated google cloud platformagendawhat form execute form transformations flexible way gcp workflows exampleintegration cicd pipeline cloud buildconclusionwhat formform gamechanging tool engineering type tool plays important role modern stack designed make lives professional,"['mastering', 'form', 'execution', 'gcp', 'practical', 'guide', 'cicd', 'example', 'unlocking', 'forms', 'execution', 'capabilities', 'gcp', 'automate', 'form', 'transformations', 'gcp', 'cicdform', 'fully', 'integrated', 'google', 'cloud', 'platformagendawhat', 'form', 'execute', 'form', 'transformations', 'flexible', 'way', 'gcp', 'workflows', 'exampleintegration', 'cicd', 'pipeline', 'cloud', 'buildconclusionwhat', 'formform', 'gamechanging', 'tool', 'engineering', 'type', 'tool', 'plays', 'important', 'role', 'modern', 'stack', 'designed', 'make', 'lives', 'professional']","['mastering', 'form', 'execution', 'gcp', 'practical', 'guide', 'cicd', 'example']"
guide rd multiple local ssds mount proc,problem statementproc managed hadoop spark service makes easy process large sets google cloud platform provides fully configured hadoop spark environment used run big jobs including batch processing interactive queries spark opensource frameworks use hadoop inherently distributed meaning everything computing storage spread across multiple nodes cluster node portion storage designated participate distributed storage also known hdfs architecture allows clusters scale,https://medium.com/google-cloud/a-guide-to-raid-multiple-local-ssds-mount-it-to-dataproc-7d4d510906d7?source=rss----e52cf94d98af---4,"Tue, 28 Nov 2023 15:23:50 GMT",guide rd multiple local ssds mount proc problem statementproc managed hadoop spark service makes easy process large sets google cloud platform provides fully configured hadoop spark environment used run big jobs including batch processing interactive queries spark opensource frameworks use hadoop inherently distributed meaning everything computing storage spread across multiple nodes cluster node portion storage designated participate distributed storage also known hdfs architecture allows clusters scale,"['guide', 'rd', 'multiple', 'local', 'ssds', 'mount', 'proc', 'problem', 'statementproc', 'managed', 'hadoop', 'spark', 'service', 'makes', 'easy', 'process', 'large', 'sets', 'google', 'cloud', 'platform', 'provides', 'fully', 'configured', 'hadoop', 'spark', 'environment', 'used', 'run', 'big', 'jobs', 'including', 'batch', 'processing', 'interactive', 'queries', 'spark', 'opensource', 'frameworks', 'use', 'hadoop', 'inherently', 'distributed', 'meaning', 'everything', 'computing', 'storage', 'spread', 'across', 'multiple', 'nodes', 'cluster', 'node', 'portion', 'storage', 'designated', 'participate', 'distributed', 'storage', 'also', 'known', 'hdfs', 'architecture', 'allows', 'clusters', 'scale']","['guide', 'rd', 'multiple', 'local', 'ssds', 'mount', 'proc']"
